{
  "corpus_size": 1968,
  "attacks": 929,
  "benign": 1039,
  "results": {
    "prompt-injection-sentinel": {
      "tp": 495,
      "fp": 12,
      "tn": 1027,
      "fn": 434,
      "n": 1968,
      "precision": 0.9763313609467456,
      "recall": 0.5328310010764262,
      "f1": 0.6894150417827297,
      "accuracy": 0.7733739837398373,
      "acc_ci": [
        0.7543550868688839,
        0.7913276900843966
      ],
      "recall_ci": [
        0.500678273629206,
        0.5647133212567853
      ],
      "fpr": 0.011549566891241578,
      "latency_ms": {
        "p50": 142.41774999998393,
        "p95": 431.74919374999365,
        "p99": 492.18723166999945,
        "mean": 213.6577486417683
      },
      "model": "qualifire/prompt-injection-sentinel"
    }
  }
}