{
  "corpus_size": 2039,
  "attacks": 1000,
  "benign": 1039,
  "results": {
    "prompt-injection-sentinel": {
      "tp": 713,
      "fp": 12,
      "tn": 1027,
      "fn": 287,
      "n": 2039,
      "precision": 0.983448275862069,
      "recall": 0.713,
      "f1": 0.8266666666666667,
      "accuracy": 0.853359489946052,
      "acc_ci": [
        0.8373403811290716,
        0.8680496011387655
      ],
      "recall_ci": [
        0.6841890401871134,
        0.7401807010150843
      ],
      "fpr": 0.011549566891241578,
      "latency_ms": {
        "p50": 126.52437500000246,
        "p95": 429.15327050000656,
        "p99": 505.70397799999915,
        "mean": 180.90532149337986
      },
      "model": "qualifire/prompt-injection-sentinel"
    }
  }
}