{
  "corpus_size": 1000,
  "attacks": 1000,
  "benign": 0,
  "results": {
    "llm-judge-3.1-8b": {
      "tp": 404,
      "fp": 0,
      "tn": 0,
      "fn": 596,
      "n": 1000,
      "precision": 1.0,
      "recall": 0.404,
      "f1": 0.5754985754985755,
      "accuracy": 0.404,
      "acc_ci": [
        0.37400966629366145,
        0.43472509823492567
      ],
      "recall_ci": [
        0.37400966629366145,
        0.43472509823492567
      ],
      "fpr": 0.0,
      "latency_ms": {
        "p50": 571.0775834999993,
        "p95": 3918.3763476000063,
        "p99": 6812.600332670031,
        "mean": 1208.2833640450035
      },
      "model": "ollama:llama3.1:8b"
    }
  }
}