{
  "corpus_size": 929,
  "attacks": 929,
  "benign": 0,
  "results": {
    "llm-judge-3.1-8b": {
      "tp": 549,
      "fp": 0,
      "tn": 0,
      "fn": 380,
      "n": 929,
      "precision": 1.0,
      "recall": 0.5909580193756727,
      "f1": 0.7428958051420839,
      "accuracy": 0.5909580193756727,
      "acc_ci": [
        0.5590301247807022,
        0.6221367528542573
      ],
      "recall_ci": [
        0.5590301247807022,
        0.6221367528542573
      ],
      "fpr": 0.0,
      "latency_ms": {
        "p50": 1516.4924169998812,
        "p95": 8951.065999999984,
        "p99": 19776.460878520018,
        "mean": 2902.766019205597
      },
      "model": "ollama:llama3.1:8b"
    }
  }
}