{
  "corpus_size": 120,
  "attacks": 120,
  "benign": 0,
  "results": {
    "llm-judge-3.1-8b": {
      "tp": 41,
      "fp": 0,
      "tn": 0,
      "fn": 79,
      "n": 120,
      "precision": 1.0,
      "recall": 0.3416666666666667,
      "f1": 0.5093167701863354,
      "accuracy": 0.3416666666666667,
      "acc_ci": [
        0.26290306359700033,
        0.43025335557071076
      ],
      "recall_ci": [
        0.26290306359700033,
        0.43025335557071076
      ],
      "fpr": 0.0,
      "latency_ms": {
        "p50": 170.88485400000053,
        "p95": 260.63562114999996,
        "p99": 598.1210134799994,
        "mean": 225.5262704499999
      },
      "model": "ollama:llama3.1:8b"
    }
  }
}