{
  "corpus_size": 1159,
  "attacks": 120,
  "benign": 1039,
  "results": {
    "prompt-injection-sentinel": {
      "tp": 54,
      "fp": 12,
      "tn": 1027,
      "fn": 66,
      "n": 1159,
      "precision": 0.8181818181818182,
      "recall": 0.45,
      "f1": 0.5806451612903226,
      "accuracy": 0.9327006039689387,
      "acc_ci": [
        0.9168000121112468,
        0.9457422292395957
      ],
      "recall_ci": [
        0.3639158452162006,
        0.5391861818893925
      ],
      "fpr": 0.011549566891241578,
      "latency_ms": {
        "p50": 96.12799999999666,
        "p95": 256.3477709000054,
        "p99": 361.81076850000153,
        "mean": 116.90445965832625
      },
      "model": "qualifire/prompt-injection-sentinel"
    }
  }
}