{
  "corpus_size": 1128,
  "attacks": 89,
  "benign": 1039,
  "results": {
    "prompt-injection-sentinel": {
      "tp": 44,
      "fp": 12,
      "tn": 1027,
      "fn": 45,
      "n": 1128,
      "precision": 0.7857142857142857,
      "recall": 0.4943820224719101,
      "f1": 0.6068965517241379,
      "accuracy": 0.949468085106383,
      "acc_ci": [
        0.9350906281202869,
        0.9607944497916755
      ],
      "recall_ci": [
        0.3929127190674855,
        0.5963162472579547
      ],
      "fpr": 0.011549566891241578,
      "latency_ms": {
        "p50": 96.51439550000518,
        "p95": 294.1569811500037,
        "p99": 396.3469011800029,
        "mean": 123.60519007269525
      },
      "model": "qualifire/prompt-injection-sentinel"
    }
  }
}