{
  "corpus_size": 89,
  "attacks": 89,
  "benign": 0,
  "results": {
    "llm-judge-3.1-8b": {
      "tp": 40,
      "fp": 0,
      "tn": 0,
      "fn": 49,
      "n": 89,
      "precision": 1.0,
      "recall": 0.449438202247191,
      "f1": 0.6201550387596899,
      "accuracy": 0.449438202247191,
      "acc_ci": [
        0.35032217121118975,
        0.552738525717773
      ],
      "recall_ci": [
        0.35032217121118975,
        0.552738525717773
      ],
      "fpr": 0.0,
      "latency_ms": {
        "p50": 206.53837500000006,
        "p95": 339.5501414,
        "p99": 1054.0341349600003,
        "mean": 222.14227243820196
      },
      "model": "ollama:llama3.1:8b"
    }
  }
}