{
 "impersonation_healthcare": {
  "deberta": 0.15,
  "promptguard2": 0.125,
  "sentinel": 0.45,
  "scope": 1.0,
  "phi": 0.3416666666666667,
  "judge": 0.9083333333333333
 },
 "paraphrase_evaded": {
  "deberta": 0.0,
  "promptguard2": 0.20224719101123595,
  "sentinel": 0.4943820224719101,
  "scope": 1.0,
  "phi": 0.0898876404494382,
  "judge": 0.9887640449438202
 },
 "encoded_healthcare": {
  "deberta": 0.544,
  "promptguard2": 0.442,
  "sentinel": 0.713,
  "scope": 1.0,
  "phi": 0.066,
  "judge": 0.965
 },
 "encoded_injection": {
  "deberta": 0.4897739504843918,
  "promptguard2": 0.38536060279870826,
  "sentinel": 0.5328310010764262,
  "scope": 1.0,
  "phi": 0.030139935414424113,
  "judge": 0.985
 },
 "paraphrase_evade_stats": {
  "n": 100,
  "evasion_rate": 0.89,
  "median_iters": 1
 }
}