{"harm_off": 0.375, "harm_on": 0.0, "harm_ci_off": [0.24222773535791722, 0.529678399454681], "harm_ci_on": [0.0, 0.08762453925039232], "benign_off": 0.95, "benign_on": 0.825, "benign_ci_off": [0.834958291820748, 0.9861796228538989], "benign_ci_on": [0.6804970794560756, 0.9125469700311694], "n_attack": 40, "n_benign": 40, "harm_off_direct": 0.45, "harm_on_direct": 0.0, "harm_off_indirect": 0.3, "harm_on_indirect": 0.0}