{
 "A": {
  "21_16": {
   "wall": 277.108238495,
   "summed": 273.29260966499993
  },
  "8_1": {
   "wall": 68.14049723,
   "summed": 64.42654677499998
  },
  "4_1": {
   "wall": 35.766609790000004,
   "summed": 32.00106103
  },
  "16_1": {
   "wall": 198.0359366550002,
   "summed": 194.09422983000007
  },
  "8_16": {
   "wall": 67.55708478000003,
   "summed": 63.87161952500001
  },
  "1_16": {
   "wall": 0.0011578899999999974,
   "summed": 0.00015918000000000009
  },
  "16_16": {
   "wall": 197.21716939999985,
   "summed": 193.36417589499996
  },
  "21_1": {
   "wall": 290.0337587500001,
   "summed": 285.89513017499996
  },
  "2_1": {
   "wall": 19.95849206999999,
   "summed": 16.253900425000005
  },
  "4_16": {
   "wall": 35.62825103999999,
   "summed": 31.974879220000002
  },
  "1_1": {
   "wall": 0.0013260599999999978,
   "summed": 0.00018871500000000005
  },
  "2_16": {
   "wall": 19.831637295000004,
   "summed": 16.116028565000008
  }
 },
 "B": {
  "32": {
   "qps": 15.497677633533998,
   "p95": 602.49990865,
   "p99": 3181.4430542799983
  },
  "16": {
   "qps": 15.398951128573568,
   "p95": 321.88743344999915,
   "p99": 1555.50908947
  },
  "1": {
   "qps": 16.224988446598772,
   "p95": 248.98636469999997,
   "p99": 291.21044002999986
  },
  "4": {
   "qps": 15.90423184364877,
   "p95": 261.94134779999996,
   "p99": 389.52308802999954
  },
  "8": {
   "qps": 15.220537785960419,
   "p95": 297.11039375,
   "p99": 791.9886638299993
  },
  "2": {
   "qps": 17.238533374434724,
   "p95": 232.10105054999988,
   "p99": 279.06498999999997
  },
  "64": {
   "qps": 15.78991756445948,
   "p95": 1123.3664790499986,
   "p99": 6211.33086939
  }
 },
 "C": {
  "gated_detector_ms": 68.40694662957324,
  "always_detector_ms": 87.84858524593479,
  "gated_block_rate": 0.7610333692142088,
  "always_block_rate": 0.7438105489773951,
  "pct_saved": 22.130849986865567
 }
}