{
  "corpus_size": 1968,
  "attacks": 929,
  "benign": 1039,
  "results": {
    "prompt-injection-sentinel": {
      "tp": 904,
      "fp": 12,
      "tn": 1027,
      "fn": 25,
      "n": 1968,
      "precision": 0.9868995633187773,
      "recall": 0.9730893433799784,
      "f1": 0.9799457994579945,
      "accuracy": 0.9811991869918699,
      "acc_ci": [
        0.9741938724357,
        0.986329528632621
      ],
      "recall_ci": [
        0.9605752842155539,
        0.9817068781579936
      ],
      "fpr": 0.011549566891241578,
      "latency_ms": {
        "p50": 134.25179199998638,
        "p95": 431.1191813500229,
        "p99": 476.52939435999536,
        "mean": 196.28481291260135
      },
      "model": "qualifire/prompt-injection-sentinel"
    },
    "llm-judge-3.1-8b": {
      "tp": 532,
      "fp": 58,
      "tn": 981,
      "fn": 397,
      "n": 1968,
      "precision": 0.9016949152542373,
      "recall": 0.5726587728740581,
      "f1": 0.7004608294930875,
      "accuracy": 0.7688008130081301,
      "acc_ci": [
        0.7496608847137961,
        0.7868933699484445
      ],
      "recall_ci": [
        0.540612253989488,
        0.6041068494467223
      ],
      "fpr": 0.05582290664100096,
      "latency_ms": {
        "p50": 247.95227050003632,
        "p95": 2012.3170250999913,
        "p99": 2863.4545682200314,
        "mean": 585.5459505203232
      },
      "model": "ollama:llama3.1:8b"
    }
  }
}