{
  "corpus_size": 2000,
  "attacks": 1000,
  "benign": 1000,
  "results": {
    "prompt-injection-sentinel": {
      "tp": 638,
      "fp": 0,
      "tn": 1000,
      "fn": 362,
      "n": 2000,
      "precision": 1.0,
      "recall": 0.638,
      "f1": 0.778998778998779,
      "accuracy": 0.819,
      "acc_ci": [
        0.8015193671266665,
        0.8352575118442062
      ],
      "recall_ci": [
        0.607737663737362,
        0.6672061122527942
      ],
      "fpr": 0.0,
      "latency_ms": {
        "p50": 103.53031249999844,
        "p95": 274.8351315999995,
        "p99": 309.6875054099735,
        "mean": 127.97199415299994
      },
      "model": "qualifire/prompt-injection-sentinel"
    },
    "llm-judge-3.1-8b": {
      "tp": 824,
      "fp": 9,
      "tn": 991,
      "fn": 176,
      "n": 2000,
      "precision": 0.9891956782713085,
      "recall": 0.824,
      "f1": 0.8990725586470267,
      "accuracy": 0.9075,
      "acc_ci": [
        0.894008921953218,
        0.919428627202364
      ],
      "recall_ci": [
        0.7991692067448057,
        0.8463509629712131
      ],
      "fpr": 0.009,
      "latency_ms": {
        "p50": 176.99125049995246,
        "p95": 641.8020527500004,
        "p99": 1122.9972190800463,
        "mean": 270.0617393460003
      },
      "model": "ollama:llama3.1:8b"
    }
  }
}