{
  "corpus_size": 1968,
  "attacks": 929,
  "benign": 1039,
  "results": {
    "promptguard-2-22m": {
      "tp": 667,
      "fp": 8,
      "tn": 1031,
      "fn": 262,
      "n": 1968,
      "precision": 0.9881481481481481,
      "recall": 0.7179763186221744,
      "f1": 0.8316708229426434,
      "accuracy": 0.8628048780487805,
      "acc_ci": [
        0.8468955301210286,
        0.8773005716348122
      ],
      "recall_ci": [
        0.6881878461764618,
        0.7459694641321695
      ],
      "fpr": 0.007699711260827719,
      "latency_ms": {
        "p50": 30.98314599999874,
        "p95": 112.47439144999997,
        "p99": 161.0034185300005,
        "mean": 47.01691295172756
      },
      "model": "meta-llama/Llama-Prompt-Guard-2-22M"
    },
    "deberta-70m-int8": {
      "tp": 641,
      "fp": 9,
      "tn": 1030,
      "fn": 288,
      "n": 1968,
      "precision": 0.9861538461538462,
      "recall": 0.689989235737352,
      "f1": 0.811906269791007,
      "accuracy": 0.8490853658536586,
      "acc_ci": [
        0.8325904797723294,
        0.8642200551103915
      ],
      "recall_ci": [
        0.6595166694770138,
        0.7188969861747068
      ],
      "fpr": 0.008662175168431183,
      "latency_ms": {
        "p50": 11.856604000008986,
        "p95": 105.82461885000001,
        "p99": 110.52164239000304,
        "mean": 31.37826396189012
      },
      "model": "hlyn-labs/prompt-injection-judge-deberta-70m",
      "inj_index": 1
    }
  }
}