{
  "corpus_size": 2000,
  "attacks": 1000,
  "benign": 1000,
  "results": {
    "promptguard-2-22m": {
      "tp": 390,
      "fp": 0,
      "tn": 1000,
      "fn": 610,
      "n": 2000,
      "precision": 1.0,
      "recall": 0.39,
      "f1": 0.5611510791366906,
      "accuracy": 0.695,
      "acc_ci": [
        0.6744638021324111,
        0.7147885220033887
      ],
      "recall_ci": [
        0.3602448693024323,
        0.42059704838657375
      ],
      "fpr": 0.0,
      "latency_ms": {
        "p50": 20.436395499999094,
        "p95": 63.44514759999935,
        "p99": 69.32997198999907,
        "mean": 27.601422827499956
      },
      "model": "meta-llama/Llama-Prompt-Guard-2-22M"
    },
    "deberta-70m-int8": {
      "tp": 531,
      "fp": 11,
      "tn": 989,
      "fn": 469,
      "n": 2000,
      "precision": 0.9797047970479705,
      "recall": 0.531,
      "f1": 0.688715953307393,
      "accuracy": 0.76,
      "acc_ci": [
        0.7407951146136094,
        0.778207984234124
      ],
      "recall_ci": [
        0.5000096789361564,
        0.5617530533514874
      ],
      "fpr": 0.011,
      "latency_ms": {
        "p50": 5.585770499997977,
        "p95": 47.2450577000032,
        "p99": 61.979123009994126,
        "mean": 12.220396007999907
      },
      "model": "hlyn-labs/prompt-injection-judge-deberta-70m",
      "inj_index": 1
    }
  }
}